,image_name,word_bboxes,pred_words,align_text
0,input_page_9.jpg,"{'0.97506005': array([[760.175   ,  84.057816],
       [975.8016  ,  84.057816],
       [975.8016  , 109.640625],
       [760.175   , 109.640625]], dtype=float32), '1.0087819': array([[1153.8696 ,  164.59056],
       [1315.4648 ,  160.1018 ],
       [1316.671  ,  203.5185 ],
       [1155.0758 ,  208.00723]], dtype=float32), '0.9493464': array([[412.97968, 164.46094],
       [548.2031 , 164.46094],
       [548.2031 , 204.6625 ],
       [412.97968, 204.6625 ]], dtype=float32), '0.9458384': array([[559.1672 , 164.46094],
       [639.5703 , 164.46094],
       [639.5703 , 204.6625 ],
       [559.1672 , 204.6625 ]], dtype=float32), '0.98633635': array([[646.8797 , 164.46094],
       [698.0453 , 164.46094],
       [698.0453 , 204.6625 ],
       [646.8797 , 204.6625 ]], dtype=float32), '0.97933096': array([[709.0094 , 164.46094],
       [829.6141 , 164.46094],
       [829.6141 , 204.6625 ],
       [709.0094 , 204.6625 ]], dtype=float32), '0.991491': array([[836.92346, 164.46094],
       [902.7078 , 164.46094],
       [902.7078 , 204.6625 ],
       [836.92346, 204.6625 ]], dtype=float32), '1.0173916': array([[ 910.0172 ,  164.46094],
       [1147.5719 ,  164.46094],
       [1147.5719 ,  204.6625 ],
       [ 910.0172 ,  204.6625 ]], dtype=float32), '0.9517622': array([[804.03125, 263.1375 ],
       [939.2547 , 263.1375 ],
       [939.2547 , 296.0297 ],
       [804.03125, 296.0297 ]], dtype=float32), '0.9578145': array([[ 946.5641 ,  263.1375 ],
       [1012.34845,  263.1375 ],
       [1012.34845,  296.0297 ],
       [ 946.5641 ,  296.0297 ]], dtype=float32), '0.79897004': array([[1026.9672,  263.1375],
       [1059.8594,  263.1375],
       [1059.8594,  292.375 ],
       [1026.9672,  292.375 ]], dtype=float32), '0.916004': array([[1059.8594,  263.1375],
       [1118.3344,  263.1375],
       [1118.3344,  296.0297],
       [1059.8594,  296.0297]], dtype=float32), '0.8148502': array([[1125.6438 ,  266.79218],
       [1151.2266 ,  266.79218],
       [1151.2266 ,  292.375  ],
       [1125.6438 ,  292.375  ]], dtype=float32), '0.9802313': array([[1215.996  ,  269.64252],
       [1329.9661 ,  265.25906],
       [1331.143  ,  295.857  ],
       [1217.1729 ,  300.24042]], dtype=float32), '0.9924832': array([[1344.925 ,  263.1375],
       [1498.4219,  263.1375],
       [1498.4219,  296.0297],
       [1344.925 ,  296.0297]], dtype=float32), '0.9747292': array([[1162.1907 ,  270.44687],
       [1209.7015 ,  270.44687],
       [1209.7015 ,  296.0297 ],
       [1162.1907 ,  296.0297 ]], dtype=float32), '0.97708946': array([[245.93376, 268.12927],
       [317.73502, 276.10718],
       [313.50092, 314.214  ],
       [241.69968, 306.23608]], dtype=float32), '0.99494845': array([[804.03125, 299.6844 ],
       [983.11096, 299.6844 ],
       [983.11096, 332.57657],
       [804.03125, 332.57657]], dtype=float32), '0.95506376': array([[ 990.4203 ,  306.99374],
       [1052.55   ,  306.99374],
       [1052.55   ,  332.57657],
       [ 990.4203 ,  332.57657]], dtype=float32), '0.91282076': array([[1059.8594 ,  303.33905],
       [1111.025  ,  303.33905],
       [1111.025  ,  336.23126],
       [1059.8594 ,  336.23126]], dtype=float32), '0.9362703': array([[1118.7327 ,  300.623  ],
       [1255.2501 ,  309.1553 ],
       [1253.2593 ,  341.0094 ],
       [1116.7418 ,  332.47708]], dtype=float32), '1.0354791': array([[1260.8672 ,  306.99374],
       [1374.1625 ,  306.99374],
       [1374.1625 ,  332.57657],
       [1260.8672 ,  332.57657]], dtype=float32), '1.0293546': array([[1385.1266 ,  306.99374],
       [1432.6375 ,  306.99374],
       [1432.6375 ,  332.57657],
       [1385.1266 ,  332.57657]], dtype=float32), '0.90581375': array([[1440.5093 ,  311.4919 ],
       [1498.0847 ,  304.29495],
       [1501.4584 ,  331.28342],
       [1443.8829 ,  338.48035]], dtype=float32), '0.8895757': array([[1070.8235 ,  343.54062],
       [1103.7156 ,  343.54062],
       [1103.7156 ,  369.12344],
       [1070.8235 ,  369.12344]], dtype=float32), '0.96234536': array([[1352.2344 ,  339.88593],
       [1403.4    ,  339.88593],
       [1403.4    ,  372.77814],
       [1352.2344 ,  372.77814]], dtype=float32), '0.95275724': array([[1425.3281 ,  339.88593],
       [1498.4219 ,  339.88593],
       [1498.4219 ,  372.77814],
       [1425.3281 ,  372.77814]], dtype=float32), '1.0267752': array([[807.6859 , 347.1953 ],
       [851.5422 , 347.1953 ],
       [851.5422 , 372.77814],
       [807.6859 , 372.77814]], dtype=float32), '0.98948956': array([[873.47034, 347.1953 ],
       [961.1828 , 347.1953 ],
       [961.1828 , 372.77814],
       [873.47034, 372.77814]], dtype=float32), '0.9454258': array([[ 983.11096,  347.1953 ],
       [1052.55   ,  347.1953 ],
       [1052.55   ,  372.77814],
       [ 983.11096,  372.77814]], dtype=float32), '0.9246577': array([[1121.989  ,  347.1953 ],
       [1165.8453 ,  347.1953 ],
       [1165.8453 ,  372.77814],
       [1121.989  ,  372.77814]], dtype=float32), '0.9851779': array([[1187.7734 ,  347.1953 ],
       [1326.6516 ,  347.1953 ],
       [1326.6516 ,  372.77814],
       [1187.7734 ,  372.77814]], dtype=float32), '0.98284465': array([[804.03125, 376.4328 ],
       [924.6359 , 376.4328 ],
       [924.6359 , 409.325  ],
       [804.03125, 409.325  ]], dtype=float32), '0.93305427': array([[ 942.90936,  376.4328 ],
       [1012.34845,  376.4328 ],
       [1012.34845,  409.325  ],
       [ 942.90936,  409.325  ]], dtype=float32), '0.9568382': array([[1034.2766,  376.4328],
       [1154.8812,  376.4328],
       [1154.8812,  409.325 ],
       [1034.2766,  409.325 ]], dtype=float32), '0.9448442': array([[1176.8093,  376.4328],
       [1268.1765,  376.4328],
       [1268.1765,  409.325 ],
       [1176.8093,  409.325 ]], dtype=float32), '1.0084782': array([[1286.45  ,  376.4328],
       [1385.1266,  376.4328],
       [1385.1266,  409.325 ],
       [1286.45  ,  409.325 ]], dtype=float32), '0.94671285': array([[1407.0547,  380.0875],
       [1498.4219,  380.0875],
       [1498.4219,  409.325 ],
       [1407.0547,  409.325 ]], dtype=float32), '0.9806591': array([[804.03125, 416.63437],
       [924.6359 , 416.63437],
       [924.6359 , 449.52655],
       [804.03125, 449.52655]], dtype=float32), '0.9418823': array([[931.9453 , 420.28906],
       [997.7297 , 420.28906],
       [997.7297 , 449.52655],
       [931.9453 , 449.52655]], dtype=float32), '0.95440954': array([[1005.03906,  420.28906],
       [1037.9313 ,  420.28906],
       [1037.9313 ,  445.8719 ],
       [1005.03906,  445.8719 ]], dtype=float32), '0.9401051': array([[1078.1328 ,  420.28906],
       [1147.5719 ,  420.28906],
       [1147.5719 ,  449.52655],
       [1078.1328 ,  449.52655]], dtype=float32), '0.93610823': array([[1154.8812 ,  420.28906],
       [1184.1188 ,  420.28906],
       [1184.1188 ,  449.52655],
       [1154.8812 ,  449.52655]], dtype=float32), '1.017074': array([[1242.5938 ,  420.28906],
       [1385.1266 ,  420.28906],
       [1385.1266 ,  449.52655],
       [1242.5938 ,  449.52655]], dtype=float32), '0.94644344': array([[1443.6016 ,  416.63437],
       [1498.4219 ,  416.63437],
       [1498.4219 ,  445.8719 ],
       [1443.6016 ,  445.8719 ]], dtype=float32), '0.82983476': array([[1045.2406 ,  423.94376],
       [1070.8235 ,  423.94376],
       [1070.8235 ,  445.8719 ],
       [1045.2406 ,  445.8719 ]], dtype=float32), '1.0390705': array([[1191.4281 ,  423.94376],
       [1235.2844 ,  423.94376],
       [1235.2844 ,  445.8719 ],
       [1191.4281 ,  445.8719 ]], dtype=float32), '0.98245555': array([[1396.0906 ,  423.94376],
       [1439.9469 ,  423.94376],
       [1439.9469 ,  449.52655],
       [1396.0906 ,  449.52655]], dtype=float32), '0.9771564': array([[804.03125, 453.18124],
       [877.125  , 453.18124],
       [877.125  , 486.07343],
       [804.03125, 486.07343]], dtype=float32), '0.9634682': array([[ 884.4344 ,  453.18124],
       [1001.3844 ,  453.18124],
       [1001.3844 ,  486.07343],
       [ 884.4344 ,  486.07343]], dtype=float32), '0.92736006': array([[1008.6937 ,  453.18124],
       [1089.0969 ,  453.18124],
       [1089.0969 ,  486.07343],
       [1008.6937 ,  486.07343]], dtype=float32), '0.8059158': array([[749.21094, 518.96564],
       [767.4844 , 518.96564],
       [767.4844 , 548.2031 ],
       [749.21094, 548.2031 ]], dtype=float32), '1.0703741': array([[840.5781 , 515.3109 ],
       [917.32654, 515.3109 ],
       [917.32654, 548.2031 ],
       [840.5781 , 548.2031 ]], dtype=float32), '1.0293295': array([[ 972.14685,  518.96564],
       [1059.8594 ,  518.96564],
       [1059.8594 ,  548.2031 ],
       [ 972.14685,  548.2031 ]], dtype=float32), '1.0206078': array([[1096.4062,  515.3109],
       [1143.9172,  515.3109],
       [1143.9172,  548.2031],
       [1096.4062,  548.2031]], dtype=float32), '1.0558646': array([[1147.5719 ,  518.96564],
       [1238.9391 ,  518.96564],
       [1238.9391 ,  551.8578 ],
       [1147.5719 ,  551.8578 ]], dtype=float32), '1.0186607': array([[1244.785  ,  521.1238 ],
       [1355.2195 ,  515.86505],
       [1356.7078 ,  547.12006],
       [1246.2733 ,  552.3788 ]], dtype=float32), '0.9700313': array([[920.98126, 522.6203 ],
       [964.8375 , 522.6203 ],
       [964.8375 , 548.2031 ],
       [920.98126, 548.2031 ]], dtype=float32), '0.7970273': array([[1063.514  ,  522.6203 ],
       [1092.7516 ,  522.6203 ],
       [1092.7516 ,  544.54846],
       [1063.514  ,  544.54846]], dtype=float32), '0.8447186': array([[807.6859 , 526.275  ],
       [836.92346, 526.275  ],
       [836.92346, 548.2031 ],
       [807.6859 , 548.2031 ]], dtype=float32), '0.8834325': array([[804.03125, 577.4406 ],
       [836.92346, 577.4406 ],
       [836.92346, 610.3328 ],
       [804.03125, 610.3328 ]], dtype=float32), '0.9703714': array([[844.737 , 575.0462],
       [922.7708, 581.5491],
       [919.9227, 615.7267],
       [841.8889, 609.2238]], dtype=float32), '0.963454': array([[928.29065, 581.09534],
       [972.14685, 581.09534],
       [972.14685, 606.6781 ],
       [928.29065, 606.6781 ]], dtype=float32), '0.8795837': array([[ 979.45624,  581.09534],
       [1019.65784,  581.09534],
       [1019.65784,  606.6781 ],
       [ 979.45624,  606.6781 ]], dtype=float32), '0.9540988': array([[1154.8812 ,  581.09534],
       [1220.6656 ,  581.09534],
       [1220.6656 ,  606.6781 ],
       [1154.8812 ,  606.6781 ]], dtype=float32), '0.9411443': array([[1224.3203,  577.4406],
       [1264.5219,  577.4406],
       [1264.5219,  613.9875],
       [1224.3203,  613.9875]], dtype=float32), '0.9426005': array([[1273.0596 ,  574.89435],
       [1376.1996 ,  584.27075],
       [1373.3538 ,  615.57526],
       [1270.2137 ,  606.19885]], dtype=float32), '0.97710466': array([[1381.4719 ,  581.09534],
       [1425.3281 ,  581.09534],
       [1425.3281 ,  606.6781 ],
       [1381.4719 ,  606.6781 ]], dtype=float32), '0.9534362': array([[1432.6375 ,  581.09534],
       [1498.4219 ,  581.09534],
       [1498.4219 ,  606.6781 ],
       [1432.6375 ,  606.6781 ]], dtype=float32), '1.0007968': array([[1026.9672,  584.75  ],
       [1143.9172,  584.75  ],
       [1143.9172,  613.9875],
       [1026.9672,  613.9875]], dtype=float32), '1.0049131': array([[920.98126, 613.9875 ],
       [983.11096, 613.9875 ],
       [983.11096, 646.8797 ],
       [920.98126, 646.8797 ]], dtype=float32), '0.92653745': array([[807.6859 , 621.2969 ],
       [836.92346, 621.2969 ],
       [836.92346, 646.8797 ],
       [807.6859 , 646.8797 ]], dtype=float32), '0.9748536': array([[1012.34845,  621.2969 ],
       [1121.989  ,  621.2969 ],
       [1121.989  ,  650.53436],
       [1012.34845,  650.53436]], dtype=float32), '1.0067762': array([[1140.2625,  621.2969],
       [1184.1188,  621.2969],
       [1184.1188,  646.8797],
       [1140.2625,  646.8797]], dtype=float32), '1.0320771': array([[1201.6309 ,  622.8266 ],
       [1297.2858 ,  618.47864],
       [1298.5745 ,  646.82697],
       [1202.9196 ,  651.175  ]], dtype=float32), '0.84369344': array([[1304.7234,  621.2969],
       [1322.9968,  621.2969],
       [1322.9968,  646.8797],
       [1304.7234,  646.8797]], dtype=float32), '1.0504763': array([[1341.2703,  621.2969],
       [1428.9828,  621.2969],
       [1428.9828,  646.8797],
       [1341.2703,  646.8797]], dtype=float32), '0.98298144': array([[1447.2562,  621.2969],
       [1498.4219,  621.2969],
       [1498.4219,  646.8797],
       [1447.2562,  646.8797]], dtype=float32), '1.0241761': array([[855.1969 , 624.95154],
       [906.3625 , 624.95154],
       [906.3625 , 646.8797 ],
       [855.1969 , 646.8797 ]], dtype=float32), '1.0132596': array([[1304.7234 ,  650.53436],
       [1388.7812 ,  650.53436],
       [1388.7812 ,  683.4266 ],
       [1304.7234 ,  683.4266 ]], dtype=float32), '0.9480386': array([[1469.1843,  654.1891],
       [1502.0765,  654.1891],
       [1502.0765,  683.4266],
       [1469.1843,  683.4266]], dtype=float32), '0.9419669': array([[804.8331 , 647.821  ],
       [919.73206, 657.0129 ],
       [916.89655, 692.4558 ],
       [801.9976 , 683.2639 ]], dtype=float32), '0.79489934': array([[920.98126, 657.84375],
       [946.5641 , 657.84375],
       [946.5641 , 683.4266 ],
       [920.98126, 683.4266 ]], dtype=float32), '0.86402595': array([[950.21875, 657.84375],
       [983.11096, 657.84375],
       [983.11096, 683.4266 ],
       [950.21875, 683.4266 ]], dtype=float32), '0.9728354': array([[ 990.4203 ,  657.84375],
       [1067.1687 ,  657.84375],
       [1067.1687 ,  683.4266 ],
       [ 990.4203 ,  683.4266 ]], dtype=float32), '0.9029934': array([[1078.596  ,  655.4294 ],
       [1167.1519 ,  659.6463 ],
       [1165.8206 ,  687.6022 ],
       [1077.2646 ,  683.38525]], dtype=float32), '0.91053754': array([[1421.6735 ,  657.84375],
       [1461.875  ,  657.84375],
       [1461.875  ,  683.4266 ],
       [1421.6735 ,  683.4266 ]], dtype=float32), '0.9398717': array([[1173.1547,  661.4984],
       [1264.5219,  661.4984],
       [1264.5219,  683.4266],
       [1173.1547,  683.4266]], dtype=float32), '0.945593': array([[1271.8313,  661.4984],
       [1301.0687,  661.4984],
       [1301.0687,  683.4266],
       [1271.8313,  683.4266]], dtype=float32), '0.8756663': array([[1399.7454,  661.4984],
       [1418.0188,  661.4984],
       [1418.0188,  683.4266],
       [1399.7454,  683.4266]], dtype=float32), '0.9690634': array([[249.1873 , 688.3738 ],
       [320.98856, 696.3517 ],
       [316.75446, 734.45844],
       [244.9532 , 726.4806 ]], dtype=float32), '0.79469424': array([[325.26718, 694.3906 ],
       [350.85   , 694.3906 ],
       [350.85   , 723.6281 ],
       [325.26718, 723.6281 ]], dtype=float32), '0.9595152': array([[807.6859, 694.3906],
       [891.7438, 694.3906],
       [891.7438, 723.6281],
       [807.6859, 723.6281]], dtype=float32), '1.0034684': array([[1067.1687,  694.3906],
       [1238.9391,  694.3906],
       [1238.9391,  723.6281],
       [1067.1687,  723.6281]], dtype=float32), '1.0308186': array([[1341.2703,  694.3906],
       [1407.0547,  694.3906],
       [1407.0547,  723.6281],
       [1341.2703,  723.6281]], dtype=float32), '0.91690123': array([[1414.364 ,  694.3906],
       [1447.2562,  694.3906],
       [1447.2562,  723.6281],
       [1414.364 ,  723.6281]], dtype=float32), '0.9739891': array([[899.0531 , 698.0453 ],
       [983.11096, 698.0453 ],
       [983.11096, 727.28284],
       [899.0531 , 727.28284]], dtype=float32), '0.94419944': array([[ 990.4203,  698.0453],
       [1056.2047,  698.0453],
       [1056.2047,  723.6281],
       [ 990.4203,  723.6281]], dtype=float32), '0.78498966': array([[1246.2484 ,  698.0453 ],
       [1275.486  ,  698.0453 ],
       [1275.486  ,  719.97345],
       [1246.2484 ,  719.97345]], dtype=float32), '1.0114627': array([[1286.45  ,  698.0453],
       [1330.3063,  698.0453],
       [1330.3063,  723.6281],
       [1286.45  ,  723.6281]], dtype=float32), '0.9934968': array([[1454.5657,  698.0453],
       [1498.4219,  698.0453],
       [1498.4219,  723.6281],
       [1454.5657,  723.6281]], dtype=float32), '0.9635017': array([[807.6859 , 734.59216],
       [891.7438 , 734.59216],
       [891.7438 , 760.175  ],
       [807.6859 , 760.175  ]], dtype=float32), '0.94925696': array([[899.0531 , 730.9375 ],
       [972.14685, 730.9375 ],
       [972.14685, 767.4844 ],
       [899.0531 , 767.4844 ]], dtype=float32), '0.80784166': array([[ 972.14685,  730.9375 ],
       [1005.03906,  730.9375 ],
       [1005.03906,  763.8297 ],
       [ 972.14685,  763.8297 ]], dtype=float32), '0.7559846': array([[749.21094, 793.0672 ],
       [767.4844 , 793.0672 ],
       [767.4844 , 822.3047 ],
       [749.21094, 822.3047 ]], dtype=float32), '0.8694658': array([[804.03125, 789.4125 ],
       [833.26874, 789.4125 ],
       [833.26874, 822.3047 ],
       [804.03125, 822.3047 ]], dtype=float32), '0.9370678': array([[840.5781, 793.0672],
       [884.4344, 793.0672],
       [884.4344, 822.3047],
       [840.5781, 822.3047]], dtype=float32), '0.9033268': array([[891.7438 , 793.0672 ],
       [946.5641 , 793.0672 ],
       [946.5641 , 825.95935],
       [891.7438 , 825.95935]], dtype=float32), '0.99308425': array([[ 986.7656 ,  789.4125 ],
       [1056.2047 ,  789.4125 ],
       [1056.2047 ,  825.95935],
       [ 986.7656 ,  825.95935]], dtype=float32), '1.022641': array([[1151.2266,  793.0672],
       [1224.3203,  793.0672],
       [1224.3203,  822.3047],
       [1151.2266,  822.3047]], dtype=float32), '0.8270604': array([[950.21875, 793.0672 ],
       [979.45624, 793.0672 ],
       [979.45624, 822.3047 ],
       [950.21875, 822.3047 ]], dtype=float32), '0.8321012': array([[1063.514  ,  796.72186],
       [1103.7156 ,  796.72186],
       [1103.7156 ,  825.95935],
       [1063.514  ,  825.95935]], dtype=float32), '0.97716784': array([[1114.6797 ,  796.72186],
       [1143.9172 ,  796.72186],
       [1143.9172 ,  822.3047 ],
       [1114.6797 ,  822.3047 ]], dtype=float32), '0.9633745': array([[1235.2844 ,  796.72186],
       [1279.1406 ,  796.72186],
       [1279.1406 ,  822.3047 ],
       [1235.2844 ,  822.3047 ]], dtype=float32), '0.9541131': array([[1286.45   ,  796.72186],
       [1374.1625 ,  796.72186],
       [1374.1625 ,  822.3047 ],
       [1286.45   ,  822.3047 ]], dtype=float32), '0.87727356': array([[1458.2203 ,  793.0672 ],
       [1498.4219 ,  793.0672 ],
       [1498.4219 ,  825.95935],
       [1458.2203 ,  825.95935]], dtype=float32), '0.926575': array([[1385.1266 ,  800.3766 ],
       [1450.9109 ,  800.3766 ],
       [1450.9109 ,  825.95935],
       [1385.1266 ,  825.95935]], dtype=float32), '1.010322': array([[ 972.14685,  833.26874],
       [1016.0031 ,  833.26874],
       [1016.0031 ,  858.85156],
       [ 972.14685,  858.85156]], dtype=float32), '0.98951906': array([[1089.0969 ,  829.6141 ],
       [1187.7734 ,  829.6141 ],
       [1187.7734 ,  858.85156],
       [1089.0969 ,  858.85156]], dtype=float32), '1.0131227': array([[1191.4281 ,  829.6141 ],
       [1238.9391 ,  829.6141 ],
       [1238.9391 ,  858.85156],
       [1191.4281 ,  858.85156]], dtype=float32), '0.8885023': array([[1242.5938 ,  833.26874],
       [1293.7594 ,  833.26874],
       [1293.7594 ,  858.85156],
       [1242.5938 ,  858.85156]], dtype=float32), '0.9636502': array([[1301.0687 ,  833.26874],
       [1385.1266 ,  833.26874],
       [1385.1266 ,  858.85156],
       [1301.0687 ,  858.85156]], dtype=float32), '1.0486162': array([[1388.7812 ,  833.26874],
       [1461.875  ,  833.26874],
       [1461.875  ,  858.85156],
       [1388.7812 ,  858.85156]], dtype=float32), '0.8595297': array([[1469.1843 ,  833.26874],
       [1498.4219 ,  833.26874],
       [1498.4219 ,  858.85156],
       [1469.1843 ,  858.85156]], dtype=float32), '0.97285473': array([[807.6859 , 836.92346],
       [920.98126, 836.92346],
       [920.98126, 862.5062 ],
       [807.6859 , 862.5062 ]], dtype=float32), '0.9262499': array([[928.29065, 840.5781 ],
       [964.8375 , 840.5781 ],
       [964.8375 , 858.85156],
       [928.29065, 858.85156]], dtype=float32), '0.84329295': array([[1023.3125 ,  840.5781 ],
       [1085.4421 ,  840.5781 ],
       [1085.4421 ,  866.16095],
       [1023.3125 ,  866.16095]], dtype=float32), '0.92459494': array([[1030.6218,  869.8156],
       [1111.025 ,  869.8156],
       [1111.025 ,  899.0531],
       [1030.6218,  899.0531]], dtype=float32), '1.0339209': array([[807.6859 , 873.47034],
       [851.5422 , 873.47034],
       [851.5422 , 899.0531 ],
       [807.6859 , 899.0531 ]], dtype=float32), '0.9914504': array([[862.5062 , 873.47034],
       [942.90936, 873.47034],
       [942.90936, 899.0531 ],
       [862.5062 , 899.0531 ]], dtype=float32), '0.8487542': array([[ 953.8734 ,  873.47034],
       [1008.6937 ,  873.47034],
       [1008.6937 ,  902.7078 ],
       [ 953.8734 ,  902.7078 ]], dtype=float32), '0.95427966': array([[1121.989  ,  873.47034],
       [1165.8453 ,  873.47034],
       [1165.8453 ,  899.0531 ],
       [1121.989  ,  899.0531 ]], dtype=float32), '0.9142666': array([[1271.8313 ,  873.47034],
       [1312.0328 ,  873.47034],
       [1312.0328 ,  899.0531 ],
       [1271.8313 ,  899.0531 ]], dtype=float32), '0.96273667': array([[1180.4641,  877.125 ],
       [1260.8672,  877.125 ],
       [1260.8672,  902.7078],
       [1180.4641,  902.7078]], dtype=float32), '0.9538012': array([[1322.9968,  877.125 ],
       [1443.6016,  877.125 ],
       [1443.6016,  902.7078],
       [1322.9968,  902.7078]], dtype=float32), '0.9013129': array([[1454.5657,  877.125 ],
       [1498.4219,  877.125 ],
       [1498.4219,  899.0531],
       [1454.5657,  899.0531]], dtype=float32), '0.9474443': array([[807.6859 , 910.0172 ],
       [866.16095, 910.0172 ],
       [866.16095, 935.6    ],
       [807.6859 , 935.6    ]], dtype=float32), '0.9958274': array([[877.125  , 910.0172 ],
       [979.45624, 910.0172 ],
       [979.45624, 935.6    ],
       [877.125  , 935.6    ]], dtype=float32), '0.89466935': array([[ 986.7656,  906.3625],
       [1034.2766,  906.3625],
       [1034.2766,  935.6   ],
       [ 986.7656,  935.6   ]], dtype=float32), '0.9712833': array([[1041.5859,  910.0172],
       [1085.4421,  910.0172],
       [1085.4421,  935.6   ],
       [1041.5859,  935.6   ]], dtype=float32), '0.9830935': array([[1096.4062,  910.0172],
       [1162.1907,  910.0172],
       [1162.1907,  935.6   ],
       [1096.4062,  935.6   ]], dtype=float32), '0.9879164': array([[1173.1547,  910.0172],
       [1301.0687,  910.0172],
       [1301.0687,  935.6   ],
       [1173.1547,  935.6   ]], dtype=float32), '0.9701028': array([[1312.0328,  910.0172],
       [1363.1985,  910.0172],
       [1363.1985,  935.6   ],
       [1312.0328,  935.6   ]], dtype=float32), '0.9575285': array([[1374.1625,  910.0172],
       [1443.6016,  910.0172],
       [1443.6016,  935.6   ],
       [1374.1625,  935.6   ]], dtype=float32), '0.90119004': array([[1450.9109,  906.3625],
       [1498.4219,  906.3625],
       [1498.4219,  935.6   ],
       [1450.9109,  935.6   ]], dtype=float32), '0.9770153': array([[866.16095, 946.5641 ],
       [986.7656 , 946.5641 ],
       [986.7656 , 975.8016 ],
       [866.16095, 975.8016 ]], dtype=float32), '0.94465333': array([[ 994.075 ,  946.5641],
       [1059.8594,  946.5641],
       [1059.8594,  975.8016],
       [ 994.075 ,  975.8016]], dtype=float32), '0.9279795': array([[1118.3344 ,  946.5641 ],
       [1206.0469 ,  946.5641 ],
       [1206.0469 ,  979.45624],
       [1118.3344 ,  979.45624]], dtype=float32), '0.9383013': array([[1213.3562,  946.5641],
       [1246.2484,  946.5641],
       [1246.2484,  975.8016],
       [1213.3562,  975.8016]], dtype=float32), '0.9508815': array([[1297.4141 ,  946.5641 ],
       [1352.2344 ,  946.5641 ],
       [1352.2344 ,  979.45624],
       [1297.4141 ,  979.45624]], dtype=float32), '0.9384824': array([[1392.4359 ,  942.90936],
       [1461.875  ,  942.90936],
       [1461.875  ,  975.8016 ],
       [1392.4359 ,  975.8016 ]], dtype=float32), '0.84071314': array([[1469.1843,  946.5641],
       [1502.0765,  946.5641],
       [1502.0765,  975.8016],
       [1469.1843,  975.8016]], dtype=float32), '0.8952402': array([[804.03125, 950.21875],
       [858.85156, 950.21875],
       [858.85156, 979.45624],
       [804.03125, 979.45624]], dtype=float32), '1.0313905': array([[1067.1687 ,  950.21875],
       [1111.025  ,  950.21875],
       [1111.025  ,  975.8016 ],
       [1067.1687 ,  975.8016 ]], dtype=float32), '1.0306578': array([[1249.9031 ,  950.21875],
       [1293.7594 ,  950.21875],
       [1293.7594 ,  975.8016 ],
       [1249.9031 ,  975.8016 ]], dtype=float32), '0.7939352': array([[1355.889 ,  946.5641],
       [1385.1266,  946.5641],
       [1385.1266,  975.8016],
       [1355.889 ,  975.8016]], dtype=float32), '0.9627678': array([[1344.925  ,  983.11096],
       [1498.4219 ,  983.11096],
       [1498.4219 , 1012.34845],
       [1344.925  , 1012.34845]], dtype=float32), '0.9584': array([[ 807.6859 ,  986.7656 ],
       [ 851.5422 ,  986.7656 ],
       [ 851.5422 , 1012.34845],
       [ 807.6859 , 1012.34845]], dtype=float32), '0.9286896': array([[ 986.7656 ,  986.7656 ],
       [1048.8953 ,  986.7656 ],
       [1048.8953 , 1012.34845],
       [ 986.7656 , 1012.34845]], dtype=float32), '0.98710436': array([[1085.4421 ,  986.7656 ],
       [1169.5    ,  986.7656 ],
       [1169.5    , 1012.34845],
       [1085.4421 , 1012.34845]], dtype=float32), '0.99473447': array([[ 888.08905,  990.4203 ],
       [ 942.90936,  990.4203 ],
       [ 942.90936, 1012.34845],
       [ 888.08905, 1012.34845]], dtype=float32), '1.0035685': array([[1206.0469,  990.4203],
       [1312.0328,  990.4203],
       [1312.0328, 1016.0031],
       [1206.0469, 1016.0031]], dtype=float32), '1.0355368': array([[ 807.6859 , 1023.3125 ],
       [ 972.14685, 1023.3125 ],
       [ 972.14685, 1052.55   ],
       [ 807.6859 , 1052.55   ]], dtype=float32), '0.9126594': array([[1319.3422 , 1019.65784],
       [1392.4359 , 1019.65784],
       [1392.4359 , 1056.2047 ],
       [1319.3422 , 1056.2047 ]], dtype=float32), '0.8445017': array([[1396.0906, 1023.3125],
       [1418.0188, 1023.3125],
       [1418.0188, 1052.55  ],
       [1396.0906, 1052.55  ]], dtype=float32), '0.9423071': array([[1425.3281, 1023.3125],
       [1454.5657, 1023.3125],
       [1454.5657, 1052.55  ],
       [1425.3281, 1052.55  ]], dtype=float32), '0.878105': array([[1454.5657 , 1019.65784],
       [1487.4578 , 1019.65784],
       [1487.4578 , 1052.55   ],
       [1454.5657 , 1052.55   ]], dtype=float32), '0.9504546': array([[ 979.45624, 1026.9672 ],
       [1008.6937 , 1026.9672 ],
       [1008.6937 , 1052.55   ],
       [ 979.45624, 1052.55   ]], dtype=float32), '0.9820989': array([[1012.34845, 1026.9672 ],
       [1056.2047 , 1026.9672 ],
       [1056.2047 , 1052.55   ],
       [1012.34845, 1052.55   ]], dtype=float32), '0.76308423': array([[1147.5719, 1026.9672],
       [1184.1188, 1026.9672],
       [1184.1188, 1052.55  ],
       [1147.5719, 1052.55  ]], dtype=float32), '0.98154294': array([[1063.514 , 1030.6218],
       [1140.2625, 1030.6218],
       [1140.2625, 1056.2047],
       [1063.514 , 1056.2047]], dtype=float32), '0.9333825': array([[1191.4281, 1030.6218],
       [1308.3782, 1030.6218],
       [1308.3782, 1059.8594],
       [1191.4281, 1059.8594]], dtype=float32), '0.9258302': array([[ 851.5422 , 1085.4421 ],
       [ 920.98126, 1085.4421 ],
       [ 920.98126, 1111.025  ],
       [ 851.5422 , 1111.025  ]], dtype=float32), '1.0273292': array([[ 931.9453, 1081.7875],
       [ 997.7297, 1081.7875],
       [ 997.7297, 1111.025 ],
       [ 931.9453, 1111.025 ]], dtype=float32), '0.9915915': array([[1008.6937, 1085.4421],
       [1052.55  , 1085.4421],
       [1052.55  , 1111.025 ],
       [1008.6937, 1111.025 ]], dtype=float32), '0.9080392': array([[1063.514 , 1081.7875],
       [1125.6438, 1081.7875],
       [1125.6438, 1114.6797],
       [1063.514 , 1114.6797]], dtype=float32), '1.0149876': array([[1187.7734, 1085.4421],
       [1238.9391, 1085.4421],
       [1238.9391, 1111.025 ],
       [1187.7734, 1111.025 ]], dtype=float32), '0.98903507': array([[1249.9031, 1085.4421],
       [1359.5437, 1085.4421],
       [1359.5437, 1114.6797],
       [1249.9031, 1114.6797]], dtype=float32), '0.9456099': array([[1374.1625, 1085.4421],
       [1436.2922, 1085.4421],
       [1436.2922, 1111.025 ],
       [1374.1625, 1111.025 ]], dtype=float32), '0.8499713': array([[ 807.6859 , 1089.0969 ],
       [ 836.92346, 1089.0969 ],
       [ 836.92346, 1111.025  ],
       [ 807.6859 , 1111.025  ]], dtype=float32), '0.98750675': array([[1447.2562, 1089.0969],
       [1498.4219, 1089.0969],
       [1498.4219, 1111.025 ],
       [1447.2562, 1111.025 ]], dtype=float32), '0.8411128': array([[1136.6078, 1092.7516],
       [1173.1547, 1092.7516],
       [1173.1547, 1114.6797],
       [1136.6078, 1114.6797]], dtype=float32), '1.0056747': array([[1085.4421, 1121.989 ],
       [1184.1188, 1121.989 ],
       [1184.1188, 1151.2266],
       [1085.4421, 1151.2266]], dtype=float32), '0.92677873': array([[1195.0828, 1121.989 ],
       [1227.975 , 1121.989 ],
       [1227.975 , 1151.2266],
       [1195.0828, 1151.2266]], dtype=float32), '1.0631194': array([[ 807.6859 , 1125.6438 ],
       [ 873.47034, 1125.6438 ],
       [ 873.47034, 1151.2266 ],
       [ 807.6859 , 1151.2266 ]], dtype=float32), '0.98102164': array([[ 884.4344, 1125.6438],
       [ 935.6   , 1125.6438],
       [ 935.6   , 1151.2266],
       [ 884.4344, 1151.2266]], dtype=float32), '0.9866216': array([[ 942.90936, 1125.6438 ],
       [1019.65784, 1125.6438 ],
       [1019.65784, 1154.8812 ],
       [ 942.90936, 1154.8812 ]], dtype=float32), '1.0184432': array([[1030.6218, 1125.6438],
       [1074.4781, 1125.6438],
       [1074.4781, 1151.2266],
       [1030.6218, 1151.2266]], dtype=float32), '0.92957383': array([[1231.6296, 1125.6438],
       [1275.486 , 1125.6438],
       [1275.486 , 1151.2266],
       [1231.6296, 1151.2266]], dtype=float32), '0.9809682': array([[1286.45  , 1125.6438],
       [1374.1625, 1125.6438],
       [1374.1625, 1151.2266],
       [1286.45  , 1151.2266]], dtype=float32), '0.8796283': array([[1385.1266, 1125.6438],
       [1447.2562, 1125.6438],
       [1447.2562, 1151.2266],
       [1385.1266, 1151.2266]], dtype=float32), '0.9732923': array([[1454.5657, 1125.6438],
       [1498.4219, 1125.6438],
       [1498.4219, 1151.2266],
       [1454.5657, 1151.2266]], dtype=float32), '0.9729752': array([[ 807.6859 , 1162.1907 ],
       [ 880.77966, 1162.1907 ],
       [ 880.77966, 1187.7734 ],
       [ 807.6859 , 1187.7734 ]], dtype=float32), '0.89338785': array([[ 888.08905, 1158.5359 ],
       [ 953.8734 , 1158.5359 ],
       [ 953.8734 , 1195.0828 ],
       [ 888.08905, 1195.0828 ]], dtype=float32), '0.79665893': array([[ 968.4922, 1162.1907],
       [ 994.075 , 1162.1907],
       [ 994.075 , 1191.4281],
       [ 968.4922, 1191.4281]], dtype=float32), '0.88184834': array([[ 804.03125, 1217.011  ],
       [ 836.92346, 1217.011  ],
       [ 836.92346, 1249.9031 ],
       [ 804.03125, 1249.9031 ]], dtype=float32), '1.0562447': array([[ 844.2328 , 1217.011  ],
       [ 917.32654, 1217.011  ],
       [ 917.32654, 1249.9031 ],
       [ 844.2328 , 1249.9031 ]], dtype=float32), '0.9984332': array([[1191.4281, 1220.6656],
       [1242.5938, 1220.6656],
       [1242.5938, 1249.9031],
       [1191.4281, 1249.9031]], dtype=float32), '0.9256127': array([[1019.65784, 1220.6656 ],
       [1089.0969 , 1220.6656 ],
       [1089.0969 , 1253.5579 ],
       [1019.65784, 1253.5579 ]], dtype=float32), '0.9932048': array([[1096.4062, 1224.3203],
       [1184.1188, 1224.3203],
       [1184.1188, 1249.9031],
       [1096.4062, 1249.9031]], dtype=float32), '0.98073006': array([[1246.2484, 1220.6656],
       [1326.6516, 1220.6656],
       [1326.6516, 1253.5579],
       [1246.2484, 1253.5579]], dtype=float32), '0.93662333': array([[1410.7094, 1224.3203],
       [1498.4219, 1224.3203],
       [1498.4219, 1249.9031],
       [1410.7094, 1249.9031]], dtype=float32), '0.8636868': array([[ 924.6359 , 1227.975  ],
       [ 942.90936, 1227.975  ],
       [ 942.90936, 1249.9031 ],
       [ 924.6359 , 1249.9031 ]], dtype=float32), '0.9153423': array([[ 953.8734 , 1227.975  ],
       [1012.34845, 1227.975  ],
       [1012.34845, 1253.5579 ],
       [ 953.8734 , 1253.5579 ]], dtype=float32), '0.88635874': array([[1337.6156, 1227.975 ],
       [1403.4   , 1227.975 ],
       [1403.4   , 1253.5579],
       [1337.6156, 1253.5579]], dtype=float32), '0.9491405': array([[ 252.842  , 1240.2317 ],
       [ 324.64325, 1248.2096 ],
       [ 320.40915, 1286.3164 ],
       [ 248.6079 , 1278.3385 ]], dtype=float32), '0.79565257': array([[ 325.26718, 1246.2484 ],
       [ 350.85   , 1246.2484 ],
       [ 350.85   , 1275.486  ],
       [ 325.26718, 1275.486  ]], dtype=float32), '0.9329645': array([[ 844.2328 , 1260.8672 ],
       [ 895.39844, 1260.8672 ],
       [ 895.39844, 1286.45   ],
       [ 844.2328 , 1286.45   ]], dtype=float32), '0.97958046': array([[ 935.6    , 1257.2125 ],
       [ 983.11096, 1257.2125 ],
       [ 983.11096, 1286.45   ],
       [ 935.6    , 1286.45   ]], dtype=float32), '0.9657015': array([[ 990.4203, 1260.8672],
       [1078.1328, 1260.8672],
       [1078.1328, 1286.45  ],
       [ 990.4203, 1286.45  ]], dtype=float32), '0.9390122': array([[1085.4421, 1260.8672],
       [1136.6078, 1260.8672],
       [1136.6078, 1286.45  ],
       [1085.4421, 1286.45  ]], dtype=float32), '0.9393761': array([[1143.9172, 1260.8672],
       [1213.3562, 1260.8672],
       [1213.3562, 1286.45  ],
       [1143.9172, 1286.45  ]], dtype=float32), '1.0811598': array([[1220.6656, 1260.8672],
       [1275.486 , 1260.8672],
       [1275.486 , 1286.45  ],
       [1220.6656, 1286.45  ]], dtype=float32), '0.82953304': array([[1279.1406, 1257.2125],
       [1322.9968, 1257.2125],
       [1322.9968, 1286.45  ],
       [1279.1406, 1286.45  ]], dtype=float32), '1.0080664': array([[1330.3063, 1260.8672],
       [1425.3281, 1260.8672],
       [1425.3281, 1286.45  ],
       [1330.3063, 1286.45  ]], dtype=float32), '0.82019335': array([[1436.2922, 1260.8672],
       [1498.4219, 1260.8672],
       [1498.4219, 1286.45  ],
       [1436.2922, 1286.45  ]], dtype=float32), '0.95984685': array([[ 807.6859 , 1264.5219 ],
       [ 836.92346, 1264.5219 ],
       [ 836.92346, 1286.45   ],
       [ 807.6859 , 1286.45   ]], dtype=float32), '1.0330452': array([[ 902.7078, 1264.5219],
       [ 931.9453, 1264.5219],
       [ 931.9453, 1286.45  ],
       [ 902.7078, 1286.45  ]], dtype=float32), '0.98392993': array([[ 939.2547 , 1297.4141 ],
       [ 972.14685, 1297.4141 ],
       [ 972.14685, 1326.6516 ],
       [ 939.2547 , 1326.6516 ]], dtype=float32), '1.0144005': array([[1265.3663, 1290.3694],
       [1408.693 , 1298.8003],
       [1406.5507, 1335.2212],
       [1263.224 , 1326.7902]], dtype=float32), '0.85855967': array([[1411.8235, 1291.0408],
       [1501.274 , 1300.9796],
       [1497.3966, 1335.8774],
       [1407.9459, 1325.9385]], dtype=float32), '1.0248288': array([[ 804.03125, 1297.4141 ],
       [ 851.5422 , 1297.4141 ],
       [ 851.5422 , 1326.6516 ],
       [ 804.03125, 1326.6516 ]], dtype=float32), '1.0077281': array([[ 858.85156, 1301.0687 ],
       [ 931.9453 , 1301.0687 ],
       [ 931.9453 , 1326.6516 ],
       [ 858.85156, 1326.6516 ]], dtype=float32), '0.9343469': array([[ 979.45624, 1301.0687 ],
       [1023.3125 , 1301.0687 ],
       [1023.3125 , 1326.6516 ],
       [ 979.45624, 1326.6516 ]], dtype=float32), '0.9872101': array([[1030.6218, 1301.0687],
       [1118.3344, 1301.0687],
       [1118.3344, 1326.6516],
       [1030.6218, 1326.6516]], dtype=float32), '0.9222392': array([[1129.2985, 1304.7234],
       [1217.011 , 1304.7234],
       [1217.011 , 1326.6516],
       [1129.2985, 1326.6516]], dtype=float32), '0.8893193': array([[1224.3203, 1304.7234],
       [1260.8672, 1304.7234],
       [1260.8672, 1330.3063],
       [1224.3203, 1330.3063]], dtype=float32), '1.0447005': array([[1140.2625, 1330.3063],
       [1260.8672, 1330.3063],
       [1260.8672, 1366.8531],
       [1140.2625, 1366.8531]], dtype=float32), '0.9135899': array([[1271.8313, 1330.3063],
       [1341.2703, 1330.3063],
       [1341.2703, 1363.1985],
       [1271.8313, 1363.1985]], dtype=float32), '0.86802965': array([[1447.2562, 1330.3063],
       [1498.4219, 1330.3063],
       [1498.4219, 1363.1985],
       [1447.2562, 1363.1985]], dtype=float32), '0.8765457': array([[ 807.6859, 1337.6156],
       [ 840.5781, 1337.6156],
       [ 840.5781, 1363.1985],
       [ 807.6859, 1363.1985]], dtype=float32), '1.0659491': array([[ 851.5422 , 1337.6156 ],
       [ 895.39844, 1337.6156 ],
       [ 895.39844, 1363.1985 ],
       [ 851.5422 , 1363.1985 ]], dtype=float32), '0.9523826': array([[ 906.4003, 1336.973 ],
       [ 984.3837, 1341.5603],
       [ 982.5817, 1372.1967],
       [ 904.5982, 1367.6093]], dtype=float32), '0.97738856': array([[ 997.7297, 1333.9609],
       [1125.6438, 1333.9609],
       [1125.6438, 1366.8531],
       [ 997.7297, 1366.8531]], dtype=float32), '0.9163529': array([[1352.2344, 1333.9609],
       [1436.2922, 1333.9609],
       [1436.2922, 1363.1985],
       [1352.2344, 1363.1985]], dtype=float32), '0.9526615': array([[ 804.03125, 1370.5078 ],
       [ 891.7438 , 1370.5078 ],
       [ 891.7438 , 1403.4    ],
       [ 804.03125, 1403.4    ]], dtype=float32), '0.92974144': array([[ 899.0531, 1370.5078],
       [ 968.4922, 1370.5078],
       [ 968.4922, 1407.0547],
       [ 899.0531, 1407.0547]], dtype=float32), '0.85559696': array([[ 972.14685, 1370.5078 ],
       [1005.03906, 1370.5078 ],
       [1005.03906, 1403.4    ],
       [ 972.14685, 1403.4    ]], dtype=float32), '0.7912713': array([[ 749.21094, 1436.2922 ],
       [ 767.4844 , 1436.2922 ],
       [ 767.4844 , 1465.5297 ],
       [ 749.21094, 1465.5297 ]], dtype=float32), '0.970559': array([[ 807.6859 , 1432.6375 ],
       [ 888.08905, 1432.6375 ],
       [ 888.08905, 1461.875  ],
       [ 807.6859 , 1461.875  ]], dtype=float32), '0.9919305': array([[ 906.3625 , 1436.2922 ],
       [ 950.21875, 1436.2922 ],
       [ 950.21875, 1461.875  ],
       [ 906.3625 , 1461.875  ]], dtype=float32), '1.020168': array([[ 966.0957, 1433.4166],
       [1039.9083, 1440.1268],
       [1037.3021, 1468.7952],
       [ 963.4894, 1462.085 ]], dtype=float32), '0.9903951': array([[1052.55  , 1436.2922],
       [1100.0609, 1436.2922],
       [1100.0609, 1461.875 ],
       [1052.55  , 1461.875 ]], dtype=float32), '1.0530379': array([[1118.3344, 1436.2922],
       [1213.3562, 1436.2922],
       [1213.3562, 1465.5297],
       [1118.3344, 1465.5297]], dtype=float32), '0.97061163': array([[1290.1047, 1436.2922],
       [1418.0188, 1436.2922],
       [1418.0188, 1461.875 ],
       [1290.1047, 1461.875 ]], dtype=float32), '0.91554064': array([[1436.2922, 1439.9469],
       [1498.4219, 1439.9469],
       [1498.4219, 1465.5297],
       [1436.2922, 1465.5297]], dtype=float32), '0.9133738': array([[1227.975 , 1443.6016],
       [1271.8313, 1443.6016],
       [1271.8313, 1469.1843],
       [1227.975 , 1469.1843]], dtype=float32), '1.0297123': array([[ 902.7078, 1472.8391],
       [ 953.8734, 1472.8391],
       [ 953.8734, 1502.0765],
       [ 902.7078, 1502.0765]], dtype=float32), '1.0000753': array([[ 961.1828, 1472.8391],
       [1037.9313, 1472.8391],
       [1037.9313, 1502.0765],
       [ 961.1828, 1502.0765]], dtype=float32), '0.9368459': array([[1213.3562, 1472.8391],
       [1282.7953, 1472.8391],
       [1282.7953, 1502.0765],
       [1213.3562, 1502.0765]], dtype=float32), '1.0001565': array([[1286.45  , 1469.1843],
       [1355.889 , 1469.1843],
       [1355.889 , 1502.0765],
       [1286.45  , 1502.0765]], dtype=float32), '0.9347814': array([[1370.5078, 1469.1843],
       [1498.4219, 1469.1843],
       [1498.4219, 1502.0765],
       [1370.5078, 1502.0765]], dtype=float32), '1.009973': array([[ 807.6859 , 1476.4938 ],
       [ 895.39844, 1476.4938 ],
       [ 895.39844, 1502.0765 ],
       [ 807.6859 , 1502.0765 ]], dtype=float32), '0.9289975': array([[1045.2406, 1476.4938],
       [1089.0969, 1476.4938],
       [1089.0969, 1502.0765],
       [1045.2406, 1502.0765]], dtype=float32), '1.0304145': array([[1096.4062, 1476.4938],
       [1169.5   , 1476.4938],
       [1169.5   , 1502.0765],
       [1096.4062, 1502.0765]], dtype=float32), '0.99626875': array([[1176.8093, 1480.1484],
       [1206.0469, 1480.1484],
       [1206.0469, 1502.0765],
       [1176.8093, 1502.0765]], dtype=float32), '0.9193738': array([[ 807.6859 , 1513.0406 ],
       [ 858.85156, 1513.0406 ],
       [ 858.85156, 1538.6234 ],
       [ 807.6859 , 1538.6234 ]], dtype=float32), '0.9817377': array([[1070.8235, 1513.0406],
       [1140.2625, 1513.0406],
       [1140.2625, 1538.6234],
       [1070.8235, 1538.6234]], dtype=float32), '0.95591754': array([[1191.4281, 1513.0406],
       [1253.5579, 1513.0406],
       [1253.5579, 1538.6234],
       [1191.4281, 1538.6234]], dtype=float32), '1.0404239': array([[1260.8672, 1513.0406],
       [1370.5078, 1513.0406],
       [1370.5078, 1538.6234],
       [1260.8672, 1538.6234]], dtype=float32), '0.9162379': array([[1381.4719, 1513.0406],
       [1443.6016, 1513.0406],
       [1443.6016, 1538.6234],
       [1381.4719, 1538.6234]], dtype=float32), '0.9745047': array([[1454.5657, 1513.0406],
       [1498.4219, 1513.0406],
       [1498.4219, 1538.6234],
       [1454.5657, 1538.6234]], dtype=float32), '1.0354975': array([[ 868.5341, 1519.0189],
       [ 971.8493, 1514.0991],
       [ 973.1557, 1541.534 ],
       [ 869.8405, 1546.4537]], dtype=float32), '1.0433882': array([[1151.2266, 1516.6953],
       [1180.4641, 1516.6953],
       [1180.4641, 1538.6234],
       [1151.2266, 1538.6234]], dtype=float32), '1.0255777': array([[ 983.11096, 1520.35   ],
       [1059.8594 , 1520.35   ],
       [1059.8594 , 1545.9329 ],
       [ 983.11096, 1545.9329 ]], dtype=float32), '0.9906404': array([[1341.2703, 1545.9329],
       [1381.4719, 1545.9329],
       [1381.4719, 1578.825 ],
       [1341.2703, 1578.825 ]], dtype=float32), '1.0213188': array([[ 807.6859 , 1553.2422 ],
       [ 895.39844, 1553.2422 ],
       [ 895.39844, 1578.825  ],
       [ 807.6859 , 1578.825  ]], dtype=float32), '0.95772463': array([[ 902.7078, 1549.5875],
       [ 994.075 , 1549.5875],
       [ 994.075 , 1586.1344],
       [ 902.7078, 1586.1344]], dtype=float32), '1.0235829': array([[1001.3844, 1553.2422],
       [1030.6218, 1553.2422],
       [1030.6218, 1578.825 ],
       [1001.3844, 1578.825 ]], dtype=float32), '1.032077': array([[1041.5859, 1553.2422],
       [1140.2625, 1553.2422],
       [1140.2625, 1578.825 ],
       [1041.5859, 1578.825 ]], dtype=float32), '1.0292009': array([[1145.4547, 1553.4187],
       [1223.7913, 1546.8907],
       [1226.7401, 1582.2782],
       [1148.4037, 1588.8062]], dtype=float32), '0.98470443': array([[1271.8313, 1553.2422],
       [1337.6156, 1553.2422],
       [1337.6156, 1578.825 ],
       [1271.8313, 1578.825 ]], dtype=float32), '0.905578': array([[1385.1266, 1549.5875],
       [1414.364 , 1549.5875],
       [1414.364 , 1578.825 ],
       [1385.1266, 1578.825 ]], dtype=float32), '0.89821255': array([[1421.6735, 1553.2422],
       [1498.4219, 1553.2422],
       [1498.4219, 1578.825 ],
       [1421.6735, 1578.825 ]], dtype=float32), '0.90119076': array([[1235.2844, 1556.8969],
       [1264.5219, 1556.8969],
       [1264.5219, 1578.825 ],
       [1235.2844, 1578.825 ]], dtype=float32), '0.9703805': array([[ 249.8214 , 1558.4891 ],
       [ 324.36255, 1565.9432 ],
       [ 320.52695, 1604.2994 ],
       [ 245.9858 , 1596.8452 ]], dtype=float32), '0.97046375': array([[ 877.125 , 1586.1344],
       [ 913.6719, 1586.1344],
       [ 913.6719, 1622.6813],
       [ 877.125 , 1622.6813]], dtype=float32), '0.94482297': array([[ 953.8734, 1589.7891],
       [1063.514 , 1589.7891],
       [1063.514 , 1615.3718],
       [ 953.8734, 1615.3718]], dtype=float32), '0.9888492': array([[1074.4781, 1589.7891],
       [1202.3922, 1589.7891],
       [1202.3922, 1615.3718],
       [1074.4781, 1615.3718]], dtype=float32), '0.89214367': array([[1220.6656, 1589.7891],
       [1282.7953, 1589.7891],
       [1282.7953, 1615.3718],
       [1220.6656, 1615.3718]], dtype=float32), '1.0278794': array([[1290.1047, 1589.7891],
       [1392.4359, 1589.7891],
       [1392.4359, 1615.3718],
       [1290.1047, 1615.3718]], dtype=float32), '0.9297175': array([[1465.5297, 1589.7891],
       [1498.4219, 1589.7891],
       [1498.4219, 1615.3718],
       [1465.5297, 1615.3718]], dtype=float32), '0.9701576': array([[ 807.6859, 1593.4437],
       [ 869.8156, 1593.4437],
       [ 869.8156, 1615.3718],
       [ 807.6859, 1615.3718]], dtype=float32), '0.9507867': array([[1407.0547, 1593.4437],
       [1454.5657, 1593.4437],
       [1454.5657, 1615.3718],
       [1407.0547, 1615.3718]], dtype=float32), '1.0700593': array([[ 807.6859, 1626.3359],
       [ 939.2547, 1626.3359],
       [ 939.2547, 1655.5735],
       [ 807.6859, 1655.5735]], dtype=float32), '0.9120307': array([[1410.7094, 1626.3359],
       [1443.6016, 1626.3359],
       [1443.6016, 1655.5735],
       [1410.7094, 1655.5735]], dtype=float32), '0.7827871': array([[ 953.8734 , 1626.3359 ],
       [ 983.11096, 1626.3359 ],
       [ 983.11096, 1655.5735 ],
       [ 953.8734 , 1655.5735 ]], dtype=float32), '0.96712136': array([[1045.2406, 1629.9906],
       [1191.4281, 1629.9906],
       [1191.4281, 1655.5735],
       [1045.2406, 1655.5735]], dtype=float32), '0.92474926': array([[1207.5688, 1622.8416],
       [1299.8372, 1632.554 ],
       [1296.4529, 1664.7051],
       [1204.1846, 1654.9927]], dtype=float32), '0.92220134': array([[1308.3782, 1629.9906],
       [1399.7454, 1629.9906],
       [1399.7454, 1655.5735],
       [1308.3782, 1655.5735]], dtype=float32), '1.0073164': array([[1454.5657, 1629.9906],
       [1498.4219, 1629.9906],
       [1498.4219, 1655.5735],
       [1454.5657, 1655.5735]], dtype=float32), '0.83350956': array([[ 997.7297, 1633.6453],
       [1030.6218, 1633.6453],
       [1030.6218, 1655.5735],
       [ 997.7297, 1655.5735]], dtype=float32), '0.97407824': array([[ 805.5339, 1669.3016],
       [ 902.1512, 1662.4004],
       [ 904.3774, 1693.5673],
       [ 807.7601, 1700.4684]], dtype=float32), '0.9698501': array([[ 913.6719 , 1666.5375 ],
       [ 983.11096, 1666.5375 ],
       [ 983.11096, 1692.1204 ],
       [ 913.6719 , 1692.1204 ]], dtype=float32), '0.9696325': array([[ 994.075 , 1666.5375],
       [1037.9313, 1666.5375],
       [1037.9313, 1692.1204],
       [ 994.075 , 1692.1204]], dtype=float32), '0.94534063': array([[1045.2406, 1662.8828],
       [1121.989 , 1662.8828],
       [1121.989 , 1699.4297],
       [1045.2406, 1699.4297]], dtype=float32), '0.9059508': array([[1132.9531, 1666.5375],
       [1165.8453, 1666.5375],
       [1165.8453, 1692.1204],
       [1132.9531, 1692.1204]], dtype=float32), '1.0398502': array([[1176.8093, 1666.5375],
       [1290.1047, 1666.5375],
       [1290.1047, 1695.775 ],
       [1176.8093, 1695.775 ]], dtype=float32), '0.97945595': array([[1344.925 , 1666.5375],
       [1388.7812, 1666.5375],
       [1388.7812, 1692.1204],
       [1344.925 , 1692.1204]], dtype=float32), '1.0154492': array([[1301.0687, 1670.1921],
       [1330.3063, 1670.1921],
       [1330.3063, 1692.1204],
       [1301.0687, 1692.1204]], dtype=float32), '1.0078477': array([[1399.7454, 1670.1921],
       [1502.0765, 1670.1921],
       [1502.0765, 1695.775 ],
       [1399.7454, 1695.775 ]], dtype=float32), '1.0362641': array([[ 807.6859 , 1703.0844 ],
       [ 917.32654, 1703.0844 ],
       [ 917.32654, 1732.3219 ],
       [ 807.6859 , 1732.3219 ]], dtype=float32), '0.97069865': array([[ 920.98126, 1706.739  ],
       [1005.03906, 1706.739  ],
       [1005.03906, 1732.3219 ],
       [ 920.98126, 1732.3219 ]], dtype=float32), '0.9672281': array([[ 804.03125, 1761.5593 ],
       [ 902.7078 , 1761.5593 ],
       [ 902.7078 , 1790.7969 ],
       [ 804.03125, 1790.7969 ]], dtype=float32), '1.0215797': array([[ 913.6719, 1761.5593],
       [1081.7875, 1761.5593],
       [1081.7875, 1794.4515],
       [ 913.6719, 1794.4515]], dtype=float32), '0.9497011': array([[1092.7516, 1761.5593],
       [1180.4641, 1761.5593],
       [1180.4641, 1794.4515],
       [1092.7516, 1794.4515]], dtype=float32), '0.94895697': array([[1195.0828, 1761.5593],
       [1268.1765, 1761.5593],
       [1268.1765, 1794.4515],
       [1195.0828, 1794.4515]], dtype=float32), '0.9752841': array([[1282.7953, 1761.5593],
       [1374.1625, 1761.5593],
       [1374.1625, 1794.4515],
       [1282.7953, 1794.4515]], dtype=float32), '0.9778253': array([[1385.1266, 1761.5593],
       [1454.5657, 1761.5593],
       [1454.5657, 1790.7969],
       [1385.1266, 1790.7969]], dtype=float32), '0.76044613': array([[1472.8391, 1768.8688],
       [1494.7672, 1768.8688],
       [1494.7672, 1790.7969],
       [1472.8391, 1790.7969]], dtype=float32), '0.9880674': array([[ 804.03125, 1798.1062 ],
       [ 946.5641 , 1798.1062 ],
       [ 946.5641 , 1830.9984 ],
       [ 804.03125, 1830.9984 ]], dtype=float32), '0.9119741': array([[1439.9469, 1856.5813],
       [1498.4219, 1856.5813],
       [1498.4219, 1889.4734],
       [1439.9469, 1889.4734]], dtype=float32), '0.9885845': array([[ 807.6859, 1860.236 ],
       [ 891.7438, 1860.236 ],
       [ 891.7438, 1889.4734],
       [ 807.6859, 1889.4734]], dtype=float32), '0.94615495': array([[ 910.0172, 1860.236 ],
       [1052.55  , 1860.236 ],
       [1052.55  , 1889.4734],
       [ 910.0172, 1889.4734]], dtype=float32), '0.9561404': array([[1067.1687, 1860.236 ],
       [1180.4641, 1860.236 ],
       [1180.4641, 1889.4734],
       [1067.1687, 1889.4734]], dtype=float32), '0.965794': array([[1198.7375, 1860.236 ],
       [1271.8313, 1860.236 ],
       [1271.8313, 1889.4734],
       [1198.7375, 1889.4734]], dtype=float32), '1.010849': array([[1286.45  , 1860.236 ],
       [1425.3281, 1860.236 ],
       [1425.3281, 1893.1282],
       [1286.45  , 1893.1282]], dtype=float32), '0.963546': array([[ 804.03125, 1896.7826 ],
       [ 983.11096, 1896.7826 ],
       [ 983.11096, 1929.6748 ],
       [ 804.03125, 1929.6748 ]], dtype=float32), '0.984152': array([[ 866.16095, 1955.2578 ],
       [ 935.6    , 1955.2578 ],
       [ 935.6    , 1991.8047 ],
       [ 866.16095, 1991.8047 ]], dtype=float32), '0.9737984': array([[ 804.03125, 1958.9125 ],
       [ 858.85156, 1958.9125 ],
       [ 858.85156, 1991.8047 ],
       [ 804.03125, 1991.8047 ]], dtype=float32), '0.9715283': array([[ 942.90936, 1958.9125 ],
       [1026.9672 , 1958.9125 ],
       [1026.9672 , 1991.8047 ],
       [ 942.90936, 1991.8047 ]], dtype=float32), '0.9737887': array([[1030.6218, 1958.9125],
       [1165.8453, 1958.9125],
       [1165.8453, 1991.8047],
       [1030.6218, 1991.8047]], dtype=float32), '0.96524197': array([[1173.1547, 1958.9125],
       [1271.8313, 1958.9125],
       [1271.8313, 1991.8047],
       [1173.1547, 1991.8047]], dtype=float32), '0.9563506': array([[1279.1406, 1958.9125],
       [1348.5797, 1958.9125],
       [1348.5797, 1991.8047],
       [1279.1406, 1991.8047]], dtype=float32), '0.96538395': array([[1355.889 , 1958.9125],
       [1498.4219, 1958.9125],
       [1498.4219, 1991.8047],
       [1355.889 , 1991.8047]], dtype=float32), '0.8371329': array([[ 804.03125, 1995.4594 ],
       [ 836.92346, 1995.4594 ],
       [ 836.92346, 2028.3516 ],
       [ 804.03125, 2028.3516 ]], dtype=float32), '0.996632': array([[ 840.5781, 1995.4594],
       [1037.9313, 1995.4594],
       [1037.9313, 2028.3516],
       [ 840.5781, 2028.3516]], dtype=float32), '0.8680842': array([[ 844.2328, 2196.4673],
       [ 891.7438, 2196.4673],
       [ 891.7438, 2225.7046],
       [ 844.2328, 2225.7046]], dtype=float32), '0.9853146': array([[ 760.175 , 2233.014 ],
       [ 975.8016, 2233.014 ],
       [ 975.8016, 2258.5967],
       [ 760.175 , 2258.5967]], dtype=float32)}",Unknown,Unknown
